<?xml version="1.0" encoding="UTF-8"?>
<project-private xmlns="http://www.netbeans.org/ns/project-private/1">
    <editor-bookmarks xmlns="http://www.netbeans.org/ns/editor-bookmarks/2" lastBookmarkId="0"/>
    <open-files xmlns="http://www.netbeans.org/ns/projectui-open-files/2">
        <group name="Thread">
            <file>file:/C:/Users/christian/Desktop/BATTAGLIA%20NAVALE/login%20BN/loginBN/src/Battleship/PosizionaNavi.java</file>
            <file>file:/C:/Users/christian/Desktop/BATTAGLIA%20NAVALE/login%20BN/loginBN/src/Battleship/GiocaBN.java</file>
        </group>
    </open-files>
</project-private>
